country,name,position,email,phone,pa_name,pa_phone,ea_name,ea_phone
Ghana,Anita (Kiki) Gbeho,DSRSG/RC/HC,,,,,,
Senegal,Abdou Amy Dieng,DSRSG/RC/HC,,,,,,
,Aeneas Chuma,DSRSG/RC/HC a.i.,,,,,,
,Antoine Gerard ,DHC,,,,,,
Mauritius,Bernardine Carol Flore Smereczniak,RC/HC,,,,,,
Rwanda,Francois Batalingaya,RC/HC,,,,,,
,Iman Shankiti,DHC,,,,,,
Sri Lanka,Indrika Ratwatte,DSRSG/RC/HC,,,,,,
Ivory Coast,Issa Sanogo,RC/HC,,,,,,
United Kingdom,Julien Harneis,RC/HC,,,,,,
Guinea,Mama Keita,RC/HC,,,,,,
Italy,Marcoluigi Corsi,RC/HC,,,,,,
Germany,Matthias Schmale,RC/HC,,,,,,
Senegal,Mohamed Malick Fall,RC/HC,,,,,,
Somalia,Mohamed Yahya,HC,,,,,,
Jordan,Muhannad Hadi,RHC,,,,,,
Canada,Nahla Valji,RC/HC,,,,,,
,Sam Rose,,,,,,,
,Scott Anderson,DHC,,,,,,
,Khassim Diagne,RC/HC,,,,,,
,Ramanathan Balakrishnan,RHC,,,,,,
